'METROPOL NÁUTICAS', 'denia@metropol.es', 'www.metropol.es/'
'PANTAENIUS SPAIN, S.L.', 'info@pantaenius.es', 'ac@pantaenius.com', 'www.pantaenius.es'
'MAREMOTO ', '966 435 056', 'www.maremotojets.com', 'Maremoto'
'MARINA SPORT, S.A.', 'info@marinasport.es', 'www.marinasport.es'
'CARPINTERO NAVAL – PATRICK KLEE', 'info@carpinteronaval.es', 'www.carpinteronaval.es'
'SPORTNAUTIC-ROGA', 'denia@sportnautic.com', 'www.sportnauticdenia.com'
'MARINA ESTRELLA, S.L.', 'Tel: 966 43 23 49', 'denia@marinaestrella.com', 'www.marinaestrella.com'
'CROWNLINE SPAIN', 'info@crownlinespain.com', 'crownlinespain.com'
'SWANS MARINE', 'Marina de Dénia', 'Tel: 666 279 776', 'info@swansmarine.com', 'www.swansmarine.com'
'ANDRONA NAUTICA, S.L.', 'ANDRONA NAUTICA, S.L', 'info@androna.es', 'www.androna.es'
'MARINA DE DÉNIA S.A.', 'MARINA DE DÉNIA S.A', 'Tel: 966424307', 'https://marinadedenia.com/'
'CLUB DE SURF MARINA DE DÉNIA', 'Tel: 629 32 21 80', 'clubdesurfdenia@gmail.com'
'CLUB DE PIRAGÜISMO MARINA DE DÉNIA', 'clubpiraguismedenia.blogspot.com', 'clubpiraguismedenia@gmail.com', 'Tel: 639 10 74 69 '
'FANAUTIC', 'Tel: 699 36 03 50'
'ARRANCHE', 'info@arranche.com', 'www.arranche.com'
'MUNDO MARINO', 'info@mundomarino.es', 'www.mundomarino.es'
'XIRAM NÁUTICA', 'Tel: 667428888', 'info@xiram.es / www.xiram.es', 'info@xiram.es', 'www.xiram.es', 'gran selección de embarcaciones'
'NÁUTICA VAYA LLOBELL', 'NÁUTICA VAYA ', 'LLOBELL', 'Gabriel Moreno, 7. 03700 Dénia', 'Tel: 966 435 056', 'info@nauticavaya.com', 'www.nauticavaya.com'
'PLEAMAR', 'Tel: 966 435 452/ 619 818 398', 'http://pleamar.net/', 'pleamar@pleamar.net'
'NÁUTICA SOLYMAR', 'Tel: 966 69 36 31 –', 'www.nauticasolymar.es', 'info@nauticasolymar.es'
'NÁUTICA FORNÉS', 'Tel: 965 760 730 – 639 579 269', 'www.nauticafornes.com ', 'www.nauticafornes.com', 'info@nauticafornes.com', ' fundada en 1979', '35 años con un equipo de profesionales', 'Náutica Fornés'
'EURONÁUTICA', '03710 – Calpe (Alicante)', 'www.euronautica.com'
'Marina de Dénia. 03700 Dénia', 'Tel: 966 424 307', 'info@agrupacionpuertoscv.es', 'www.agrupacionpuertoscv.es'
'CLUB DE REM MARINA DÉNIA', 'Marina de Dénia – Edificio G Bajo 4', 'clubremdenia@gmail.com'
'ESP 26 SAILS BAGS', 'Tel: 684 151 125', 'info@esp26.com', ' www.esp26.com', 'www.esp26.com'
'LA RANA BUCEO', 'Tel: 639 412 030', 'www.laranabuceo.es', 'laranabuceo@gmail.com'
'GAFAS CARMA', 'Malatones 66-22. 28110 Algete (Madrid)', 'www.gafascarma.com'
'SIETE LUNAS DE MAR', 'Tel: 639 873 726', 'Cris7guga@gmail.com'
'YUALIA', 'Cabañal, 22. Cullera (Valencia)', 'Tel: 637 781 403', 'www.yualia.com'
'POLO CLUB LA ESPAÑOLA', 'Centro Comercial La Vital. 46730 Gandía', 'Tel: 636 955 093', 'montadiscos@gmail.com'
'BODEGAS MASET', 'C-15 Km.19 La Granada ( Barcelona )', 'Tel: 900 200 250', 'info@maset.com', ' www.maset.com', 'www.maset.com'
'CLEANSALING – PROPSEED', 'www.cleansailing.es'
'ARIANE SPORT', 'La Cruz, 13, Bilbao 48005', 'Tel:605771778', 'arianedh@hotmail.com'
'AYUNTAMIENTO DE DÉNIA', 'Telf: 965 78 01 00', 'http://www.denia.es/es/'
'MAR I MÉS ', 'MAR I MÉS', 'Tel: 618 95 04 45', 'https://www.marimes.es/'
'AUTOMÓVILES SAIZ', 'Calle Senyera, 29, 46210 Valencia', 'Tel: 610456312 – 96159424', 'claudiosaiz@automovilessaiz.com'
