'name','telephone','email','website'
AMAINA. SAIL SEBASTIAN,678213736,AMAINA@SAILSEBASTIAN.EU,WWW.AMAINA.EU
ATLANTIQUE NAUTIC,0688052077,christophe.evasionmarine@gmail.com,
AUSMAR – DUARRY,681 170 542,comercialeuskadi@ausmar.es,ausmar.com
CLUB NAUTICO HONDARRIBIA,943642788,oficina@cnh-hib.org,https://www.cnh-hib.org/
COTE AQUITAINE PLAISANCE,0610107374,hendaye@cotebasqueplaisance.com,https://www.coteaquitaineplaisance.fr/
Decathlon Donostia,943378700,damaso.martinez@decathlon.com,www.decathlon.es
EFECTOS NAVALES GORORDO,943394942,GORORDO@GORORDO.NET,
ELEKTROMAR AD,+34943461148,elektromar@elektromar.es,WWW.ELEKTROMAR.ORG
ESCUELA NÁUTICA PROBANZA DONOSTIA,665724870,nautica.floren@probanza.es,https://probanza.es
ESTATXA Tripulaciones y Servicios,629070936,estatxa@gmail.com,www.estatxa.com
FEDERACION VASCA DE PESCA Y CASTING,943466790,fedvascapesca@gmail.com,
Fishing club Hendayais,0685324948,pitch.jp@orange.fr,https://www.fishingclubhendayais.fr
GARMIN,+34934972373,marketing.spain@garmin.com,
HONDARRIBIA ARRAUN ELKARTEA,616904494,hondarribia.ae@gmail.com,www.hondarribiarraun.com
HONDARRIBIKO UDALA,943111213,udala@hondarribia.eus,www.hondarribia.eus
Ipar Yachts,660615031,info@ipar-yachts.com,www.ipar-yachts.com
KAI YACHTING,722150089,info@kaiyachting.com,www.kaiyachting.com
MATER Ontzi Museo Ekoaktiboa,619814225,info@mater.eus,https://mater.eus/
MOBYDICK,0033632970734,commercial@mbdck.com,https://www.mobydick-nautisme.com/
MURIMAR SEGUROS,943131994,ZARAUTZ@MURIMAR.COM,WWW.MURIMAR.COM
Náutica Aldats,607759021,aldats@nauticaaldats.com,
NAUTICA PLAYAUNDI,943641534,COMERCIAL@NAUTICAPLAYAUNDI.COM,WWW.NAUTICAPLAYAUNDI.COM
NAUTICA SILCRI,660018893,info@nauticasilcri.com,WWW.NAUTICASILCRI.COM
NAUTIKA KANTAURI,943395698,kantauri@euskalnet.net,NAUTIKAKANTAURI.COM
NAVEGAVELA.COM,648183037,info@navegavela.com,www.navegavela.com
NORAIA NAUTIKA S.L.,943362660 943361232,info@noraianautika.eus,WWW.NORAIANAUTIKA.EUS
OLATUA,685466346,info@olatua.com,www.olatua.com
PAKEA EXPERIENCES,94-4913596 688661630,gtribis@pakeabizkaia.com,WWW.PAKEA.INFO
RPN RIB BOATS,605719282,comercial.reparaneumaticas@gmail.com,
Santiagotarrak KE,943632056,info@santiagotarrak.com,www.santiagotarrak.com
Sindesperdicio,689563842,sindesperdicio@emaus.com,www.sindesperdicio.es
The Coral Planters,+33665964957,contact@thecoralplanters.org,https://thecoralplanters.org
Water Joy Hondarribia,620327901,info@waterjoyhondarribia.com,www.waterjoyhonarribia.com
YOUBOAT,+33 2 38 75 99 41,es.youboat@gmail.com,https://www.youboat.com/
